<?xml version="1.0" encoding="UTF-8" standalone="yes"?>
<addon id="repository.PrincessRepo" name="[COLOR blue]Princess Repository[/COLOR]" version="1.0" provider-name="Iker">
    <extension point="xbmc.addon.repository" name="[COLOR blue]Princess Repository[/COLOR]">
		<dir>	
        <info compressed="false">https://raw.githubusercontent.com/PrincessRepo/Repositorio/master/addons.xml</info>
        <checksum>https://raw.githubusercontent.com/PrincessRepo/Repositorio/master/addons.xml.md5</checksum>
        <datadir zip="true">https://raw.githubusercontent.com/PrincessRepo/Repositorio/master/Repositorio</datadir>
		</dir>
    </extension>
    <extension point="xbmc.addon.metadata">
        <summary>Repositorio Princess Wizards</summary>
        <description></description>
        <disclaimer></disclaimer>
        <platform>all</platform>
    </extension>
</addon>